time_ms,symbol,funding,premium
1786251600037,NVDA,6.25e-06,0.0002546475
1786255200035,NVDA,6.25e-06,0.0001720799
1786258800066,NVDA,-4.381e-07,-0.0003070099
1786262400003,NVDA,6.25e-06,-4.48212e-05
1786266000034,NVDA,-1.31383e-05,-0.0005102126
1786269600046,NVDA,6.25e-06,6.46061e-05
1786273200046,NVDA,4.8221e-06,-0.0002228466
1786276800041,NVDA,6.25e-06,0.0001632009
1786280400020,NVDA,6.25e-06,9.38545e-05
1786284000018,NVDA,6.25e-06,0.0002522122
1786287600054,NVDA,6.25e-06,0.000236622
1786291200032,NVDA,6.25e-06,0.0002446235
1786294800013,NVDA,6.25e-06,0.0001667647
1786298400017,NVDA,6.25e-06,0.0003526036
1786302000035,NVDA,3.4635e-05,0.0008541598
1786305600032,NVDA,6.25e-06,0.000237543
1786309200021,NVDA,6.25e-06,5.94424e-05
1786312800020,NVDA,6.25e-06,0.0002204009
1786316400017,NVDA,-4.23527e-05,-0.0009776436
1786320000029,NVDA,-4.29178e-05,-0.0009866852
1786323600030,NVDA,6.25e-06,0.0003217542
1786327200015,NVDA,1.05895e-05,0.0004694313
1786330800079,NVDA,1.45999e-05,0.0005335985
1786334400005,NVDA,1.21232e-05,0.0004939713
1786338000028,NVDA,7.3598e-06,0.0004177569
1786341600066,NVDA,6.25e-06,0.0002130944
1786345200068,NVDA,1.24768e-05,0.0004996294
1786348800043,NVDA,6.25e-06,0.0003546246
1786352400010,NVDA,6.25e-06,0.000194073
1786356000067,NVDA,1.05424e-05,0.0004686778
1786359600043,NVDA,8.1734e-06,0.0004307747
1786363200013,NVDA,1.48687e-05,0.0005378995
1786366800029,NVDA,6.25e-06,0.0003777243
1786370400065,NVDA,6.2664e-06,0.0004002617
1786374000001,NVDA,1.87206e-05,0.0005995288
1786377600020,NVDA,1.45147e-05,0.0005322356
1786381200047,NVDA,7.4193e-06,0.000418709
1786384800012,NVDA,9.8934e-06,0.0004582952
1786388400045,NVDA,1.27788e-05,0.00050446
1786392000074,NVDA,1.39397e-05,0.0005230345
1786395600052,NVDA,6.7684e-06,0.000408295
1786399200028,NVDA,1.11105e-05,0.0004777685
1786402800066,NVDA,1.72203e-05,0.0005755255
1786406400019,NVDA,6.25e-06,0.0003912478
1786410000033,NVDA,1.2478e-05,0.0004996486
1786413600013,NVDA,6.25e-06,0.0003202513
1786417200120,NVDA,1.21734e-05,0.0004947749
1786420800086,NVDA,6.25e-06,0.0001603228
1786424400010,NVDA,6.25e-06,0.0001278935
1786428000024,NVDA,6.25e-06,0.0002435608
1786431600002,NVDA,6.25e-06,1.19583e-05
1786435200091,NVDA,6.25e-06,0.0002169515
1786438800123,NVDA,6.25e-06,5.78781e-05
1786442400054,NVDA,6.25e-06,-7.16679e-05
1786446000035,NVDA,6.25e-06,8.35898e-05
1786449600025,NVDA,6.25e-06,0.0002750668
1786453200053,NVDA,6.25e-06,0.0001899804
1786456800065,NVDA,9.3322e-06,0.0004493155
1786460400033,NVDA,6.25e-06,0.0002847308
1786464000039,NVDA,1.02569e-05,0.000464111
1786467600008,NVDA,2.0098e-05,0.000621568
1786471200017,NVDA,2.52877e-05,0.0007046032
1786474800065,NVDA,1.79275e-05,0.0005868406
1786478400007,NVDA,6.25e-06,0.0003522086
1786482000039,NVDA,1.81129e-05,0.0005898072
1786485600006,NVDA,1.89138e-05,0.0006026207
1786489200043,NVDA,3.0989e-05,0.0007958234
1786492800012,NVDA,3.03645e-05,0.0007858322
1786496400060,NVDA,3.31586e-05,0.0008305376
1786500000027,NVDA,1.68581e-05,0.0005697296
1786503600031,NVDA,2.1444e-05,0.0006431038
1786507200057,NVDA,2.68185e-05,0.000729096
1786251600037,TSLA,2.02317e-05,0.0006237066
1786255200035,TSLA,-3.49299e-05,-0.0008588777
1786258800066,TSLA,-2.20656e-05,-0.0006530496
1786262400003,TSLA,6.25e-06,0.0002659645
1786266000034,TSLA,-3.16313e-05,-0.0008061006
1786269600046,TSLA,-6.6658e-06,-0.0004066525
1786273200046,TSLA,-4.73167e-05,-0.0010570667
1786276800041,TSLA,6.25e-06,-0.0001605563
1786280400020,TSLA,6.25e-06,-0.000138521
1786284000018,TSLA,2.01092e-05,0.0006217471
1786287600054,TSLA,6.25e-06,0.0001140432
1786291200032,TSLA,6.25e-06,0.0003324567
1786294800013,TSLA,1.90878e-05,0.0006054042
1786298400017,TSLA,6.25e-06,0.0001978678
1786302000035,TSLA,2.5897e-05,0.0007143513
1786305600032,TSLA,6.25e-06,0.0001473487
1786309200021,TSLA,6.25e-06,-9.10738e-05
1786312800020,TSLA,1.06071e-05,0.0004697137
1786316400017,TSLA,-0.0001033342,-0.0019533467
1786320000029,TSLA,-3.74596e-05,-0.0008993534
1786323600030,TSLA,1.87546e-05,0.0006000743
1786327200015,TSLA,1.30125e-05,0.0005081993
1786330800079,TSLA,1.65741e-05,0.0005651858
1786334400005,TSLA,6.25e-06,0.0003498593
1786338000028,TSLA,6.8495e-06,0.0004095919
1786341600066,TSLA,6.25e-06,0.0003954552
1786345200068,TSLA,1.21321e-05,0.0004941136
1786348800043,TSLA,6.25e-06,0.0003892474
1786352400010,TSLA,6.25e-06,0.0003377145
1786356000067,TSLA,6.25e-06,0.0003278118
1786359600043,TSLA,6.25e-06,0.0003697651
1786363200013,TSLA,1.03795e-05,0.0004660723
1786366800029,TSLA,6.25e-06,0.0003977753
1786370400065,TSLA,6.25e-06,0.0003407483
1786374000001,TSLA,6.25e-06,0.000183038
1786377600020,TSLA,6.25e-06,0.000131826
1786381200047,TSLA,6.25e-06,0.0002244793
1786384800012,TSLA,6.25e-06,0.000199375
1786388400045,TSLA,6.25e-06,0.0002413584
1786392000074,TSLA,6.25e-06,0.0002994425
1786395600052,TSLA,6.25e-06,0.0002934079
1786399200028,TSLA,6.25e-06,0.0001072897
1786402800066,TSLA,6.25e-06,0.0001749231
1786406400019,TSLA,6.25e-06,0.0001915822
1786410000033,TSLA,6.25e-06,0.0001951404
1786413600013,TSLA,6.25e-06,0.0002757315
1786417200120,TSLA,6.25e-06,0.0002890947
1786420800086,TSLA,6.25e-06,0.0001812747
1786424400010,TSLA,1.28915e-05,0.0005062644
1786428000024,TSLA,6.25e-06,0.0002900494
1786431600002,TSLA,6.25e-06,6.76306e-05
1786435200091,TSLA,6.25e-06,4.78096e-05
1786438800123,TSLA,6.25e-06,0.0002157112
1786442400054,TSLA,6.25e-06,0.0003589852
1786446000035,TSLA,8.6175e-06,0.0004378807
1786449600025,TSLA,6.25e-06,-1.62121e-05
1786453200053,TSLA,6.25e-06,9.86602e-05
1786456800065,TSLA,6.25e-06,0.0002860387
1786460400033,TSLA,6.25e-06,0.0002110774
1786464000039,TSLA,1.72919e-05,0.0005766706
1786467600008,TSLA,1.19063e-05,0.0004905011
1786471200017,TSLA,6.25e-06,0.0003054907
1786474800065,TSLA,7.1324e-06,0.0004141191
1786478400007,TSLA,6.25e-06,0.0003044879
1786482000039,TSLA,6.25e-06,0.0002819352
1786485600006,TSLA,6.25e-06,0.0003311699
1786489200043,TSLA,1.05449e-05,0.0004687186
1786492800012,TSLA,6.25e-06,0.0003767253
1786496400060,TSLA,6.25e-06,0.0003703318
1786500000027,TSLA,6.25e-06,0.0003812007
1786503600031,TSLA,9.5479e-06,0.0004527664
1786507200057,TSLA,6.6299e-06,0.0004060785
1786251600037,AAPL,6.25e-06,0.0002024623
1786255200035,AAPL,6.25e-06,0.000111117
1786258800066,AAPL,6.25e-06,0.0002158329
1786262400003,AAPL,-6.8913e-06,-0.0004102616
1786266000034,AAPL,-1.30626e-05,-0.0005090008
1786269600046,AAPL,-8.6894e-06,-0.000439031
1786273200046,AAPL,6.25e-06,-0.0001191908
1786276800041,AAPL,6.25e-06,1.1027e-06
1786280400020,AAPL,6.25e-06,0.0003426024
1786284000018,AAPL,6.25e-06,0.0001780552
1786287600054,AAPL,6.25e-06,4.6659e-05
1786291200032,AAPL,6.25e-06,0.0002263491
1786294800013,AAPL,6.25e-06,0.0001323577
1786298400017,AAPL,6.25e-06,-3.20577e-05
1786302000035,AAPL,7.1972e-06,0.0004151559
1786305600032,AAPL,6.25e-06,9.79794e-05
1786309200021,AAPL,6.25e-06,-0.000139593
1786312800020,AAPL,6.25e-06,-7.65427e-05
1786316400017,AAPL,-9.0329e-06,-0.0004445264
1786320000029,AAPL,6.25e-06,0.0002759427
1786323600030,AAPL,-1.9134e-05,-0.0006061436
1786327200015,AAPL,-6.3143e-06,-0.0004010291
1786330800079,AAPL,-4.6259e-06,-0.0003740151
1786334400005,AAPL,-7.3293e-06,-0.0004172693
1786338000028,AAPL,-5.2633e-06,-0.0003842132
1786341600066,AAPL,-4.4653e-06,-0.0003714455
1786345200068,AAPL,-7.72e-08,-0.0003012354
1786348800043,AAPL,-6.9402e-06,-0.0004110439
1786352400010,AAPL,6.25e-06,-0.0001644322
1786356000067,AAPL,5.6876e-06,-0.0002089984
1786359600043,AAPL,-4.52e-08,-0.0003007227
1786363200013,AAPL,2.0105e-06,-0.0002678327
1786366800029,AAPL,-1.382e-06,-0.0003221122
1786370400065,AAPL,6.25e-06,-4.97561e-05
1786374000001,AAPL,6.25e-06,1.722e-05
1786377600020,AAPL,6.25e-06,3.27395e-05
1786381200047,AAPL,6.25e-06,4.64631e-05
1786384800012,AAPL,6.25e-06,0.0001380703
1786388400045,AAPL,6.25e-06,0.0002526397
1786392000074,AAPL,6.25e-06,0.0001403766
1786395600052,AAPL,6.25e-06,0.000368029
1786399200028,AAPL,1.00824e-05,0.0004613192
1786402800066,AAPL,6.25e-06,0.0002701428
1786406400019,AAPL,6.25e-06,-0.0001179342
1786410000033,AAPL,6.25e-06,5.01786e-05
1786413600013,AAPL,6.25e-06,-4.744e-05
1786417200120,AAPL,-3.7085e-06,-0.0003593355
1786420800086,AAPL,-4.6836e-06,-0.0003749382
1786424400010,AAPL,-3.9675e-06,-0.0003634805
1786428000024,AAPL,5.1841e-06,-0.0002170544
1786431600002,AAPL,-4.873e-07,-0.0003077961
1786435200091,AAPL,4.2356e-06,-0.0002322304
1786438800123,AAPL,6.25e-06,-3.0389e-05
1786442400054,AAPL,5.8336e-06,-0.0002066621
1786446000035,AAPL,6.25e-06,-0.0001356343
1786449600025,AAPL,3.4406e-06,-0.0002449503
1786453200053,AAPL,6.25e-06,-0.0001992796
1786456800065,AAPL,6.25e-06,4.49546e-05
1786460400033,AAPL,6.25e-06,5.13969e-05
1786464000039,AAPL,6.25e-06,5.25979e-05
1786467600008,AAPL,6.25e-06,0.0001086756
1786471200017,AAPL,6.25e-06,0.0001329804
1786474800065,AAPL,6.25e-06,0.0001166546
1786478400007,AAPL,6.25e-06,9.4631e-06
1786482000039,AAPL,6.25e-06,0.0001092834
1786485600006,AAPL,6.25e-06,0.0002129647
1786489200043,AAPL,6.25e-06,0.0003888908
1786492800012,AAPL,6.25e-06,0.0003468117
1786496400060,AAPL,6.25e-06,0.0001942949
1786500000027,AAPL,6.25e-06,0.0001746191
1786503600031,AAPL,6.25e-06,0.0001105682
1786507200057,AAPL,6.25e-06,-2.43384e-05
1786251600037,MSFT,6.25e-06,0.0002558844
1786255200035,MSFT,1.27837e-05,0.0005045395
1786258800066,MSFT,6.25e-06,1.12891e-05
1786262400003,MSFT,6.25e-06,6.18739e-05
1786266000034,MSFT,6.25e-06,2.37992e-05
1786269600046,MSFT,2.9755e-06,-0.0002523925
1786273200046,MSFT,6.25e-06,9.76225e-05
1786276800041,MSFT,6.25e-06,-6.0541e-05
1786280400020,MSFT,7.95e-08,-0.0002987283
1786284000018,MSFT,6.25e-06,0.0001851389
1786287600054,MSFT,6.25e-06,0.0001996271
1786291200032,MSFT,6.25e-06,0.0002028701
1786294800013,MSFT,6.25e-06,-1.89479e-05
1786298400017,MSFT,6.25e-06,-0.0001702836
1786302000035,MSFT,6.25e-06,-8.14196e-05
1786305600032,MSFT,6.25e-06,-8.71664e-05
1786309200021,MSFT,6.25e-06,-6.14786e-05
1786312800020,MSFT,6.25e-06,-0.0001599929
1786316400017,MSFT,-5.54445e-05,-0.0011871121
1786320000029,MSFT,8.4343e-06,0.0004349493
1786323600030,MSFT,-5.4484e-06,-0.0003871748
1786327200015,MSFT,6.25e-06,-0.0001273166
1786330800079,MSFT,-9.835e-06,-0.0004573605
1786334400005,MSFT,6.25e-06,-0.0001270524
1786338000028,MSFT,6.25e-06,-0.000101114
1786341600066,MSFT,-1.14013e-05,-0.0004824203
1786345200068,MSFT,-1.87824e-05,-0.0006005188
1786348800043,MSFT,-5.9194e-06,-0.0003947099
1786352400010,MSFT,-1.25127e-05,-0.0005002039
1786356000067,MSFT,-5.2616e-06,-0.0003841856
1786359600043,MSFT,1.0731e-06,-0.0002828307
1786363200013,MSFT,-1.64787e-05,-0.0005636593
1786366800029,MSFT,-1.3315e-05,-0.0005130397
1786370400065,MSFT,-7.6714e-06,-0.0004227417
1786374000001,MSFT,-1.05323e-05,-0.0004685167
1786377600020,MSFT,-6.9805e-06,-0.0004116884
1786381200047,MSFT,-2.3892e-06,-0.0003382275
1786384800012,MSFT,2.1196e-06,-0.0002660867
1786388400045,MSFT,6.25e-06,-0.0001765916
1786392000074,MSFT,6.0405e-06,-0.0002033517
1786395600052,MSFT,1.7211e-06,-0.0002724623
1786399200028,MSFT,-8.94e-08,-0.0003014305
1786402800066,MSFT,5.32e-08,-0.0002991493
1786406400019,MSFT,6.25e-06,-0.0001497948
1786410000033,MSFT,-1.47326e-05,-0.0005357213
1786413600013,MSFT,-3.6953e-06,-0.0003591247
1786417200120,MSFT,2.339e-06,-0.0002625768
1786420800086,MSFT,1.019e-07,-0.0002983703
1786424400010,MSFT,6.25e-06,-0.0001878918
1786428000024,MSFT,2.8204e-06,-0.000254873
1786431600002,MSFT,-2.6412e-06,-0.0003422594
1786435200091,MSFT,-7.0009e-06,-0.0004120142
1786438800123,MSFT,-4.324e-06,-0.0003691837
1786442400054,MSFT,-8.913e-07,-0.0003142609
1786446000035,MSFT,-3.3953e-06,-0.000354325
1786449600025,MSFT,-8.0744e-06,-0.0004291896
1786453200053,MSFT,-3.1897e-06,-0.0003510353
1786456800065,MSFT,-1.88521e-05,-0.000601633
1786460400033,MSFT,-1.08666e-05,-0.0004738653
1786464000039,MSFT,6.615e-07,-0.0002894164
1786467600008,MSFT,6.13e-08,-0.0002990189
1786471200017,MSFT,6.25e-06,-6.91633e-05
1786474800065,MSFT,6.25e-06,5.56474e-05
1786478400007,MSFT,6.25e-06,-8.37633e-05
1786482000039,MSFT,6.25e-06,-0.0001104546
1786485600006,MSFT,6.25e-06,6.648e-05
1786489200043,MSFT,6.25e-06,0.0001281899
1786492800012,MSFT,6.25e-06,-4.34118e-05
1786496400060,MSFT,6.25e-06,0.000138991
1786500000027,MSFT,6.25e-06,0.0001883735
1786503600031,MSFT,6.25e-06,-0.0001331579
1786507200057,MSFT,6.25e-06,0.000152903
1786251600037,META,-5.3685e-06,-0.0003858952
1786255200035,META,1.68842e-05,0.0005701469
1786258800066,META,-7.9985e-06,-0.0004279753
1786262400003,META,3.4028e-06,-0.0002455553
1786266000034,META,6.25e-06,-0.00012422
1786269600046,META,-4.541e-07,-0.000307265
1786273200046,META,6.25e-06,0.0002971645
1786276800041,META,6.25e-06,0.0002870867
1786280400020,META,6.25e-06,0.0001827043
1786284000018,META,6.25e-06,-0.0001107903
1786287600054,META,6.25e-06,0.000139993
1786291200032,META,-7.818e-07,-0.0003125084
1786294800013,META,5.9746e-06,-0.0002044062
1786298400017,META,1.15278e-05,0.000484444
1786302000035,META,3.32763e-05,0.0008324201
1786305600032,META,6.25e-06,1.57563e-05
1786309200021,META,6.8428e-06,0.000409485
1786312800020,META,-4.1413e-06,-0.000366261
1786316400017,META,-8.85482e-05,-0.0017167705
1786320000029,META,6.25e-06,0.0002995414
1786323600030,META,2.52569e-05,0.0007041098
1786327200015,META,2.19327e-05,0.0006509229
1786330800079,META,6.25e-06,0.000313955
1786334400005,META,6.25e-06,0.000392591
1786338000028,META,2.44127e-05,0.0006906033
1786341600066,META,1.86671e-05,0.0005986742
1786345200068,META,6.25e-06,0.0003842189
1786348800043,META,6.25e-06,0.0003798208
1786352400010,META,1.17303e-05,0.0004876842
1786356000067,META,2.43739e-05,0.0006899829
1786359600043,META,1.84913e-05,0.0005958601
1786363200013,META,2.26669e-05,0.0006626706
1786366800029,META,2.76089e-05,0.0007417423
1786370400065,META,3.3764e-05,0.0008402246
1786374000001,META,1.06017e-05,0.0004696274
1786377600020,META,6.25e-06,0.0003889789
1786381200047,META,3.2483e-05,0.0008197287
1786384800012,META,1.53199e-05,0.0005451183
1786388400045,META,6.25e-06,0.0003961421
1786392000074,META,8.2711e-06,0.0004323381
1786395600052,META,6.25e-06,0.0003740327
1786399200028,META,1.3984e-05,0.0005237433
1786402800066,META,6.25e-06,0.0003843726
1786406400019,META,6.25e-06,0.0003056346
1786410000033,META,1.14817e-05,0.000483708
1786413600013,META,6.5948e-06,0.0004055176
1786417200120,META,1.0523e-05,0.0004683679
1786420800086,META,2.32621e-05,0.0006721938
1786424400010,META,1.60278e-05,0.0005564453
1786428000024,META,6.25e-06,0.0003648535
1786431600002,META,6.25e-06,0.0002084038
1786435200091,META,6.25e-06,0.0002330013
1786438800123,META,6.25e-06,0.0002215954
1786442400054,META,3.91786e-05,0.0009268582
1786446000035,META,3.77726e-05,0.0009043615
1786449600025,META,4.11898e-05,0.000959037
1786453200053,META,4.0855e-05,0.0009536793
1786456800065,META,3.33314e-05,0.0008333029
1786460400033,META,2.81177e-05,0.0007498838
1786464000039,META,2.55555e-05,0.0007088887
1786467600008,META,1.2498e-05,0.0004999673
1786471200017,META,2.97305e-05,0.0007756885
1786474800065,META,1.56287e-05,0.0005500595
1786478400007,META,2.03019e-05,0.0006248311
1786482000039,META,2.57532e-05,0.0007120513
1786485600006,META,8.7733e-06,0.0004403729
1786489200043,META,6.25e-06,0.0003573887
1786492800012,META,3.00035e-05,0.0007800567
1786496400060,META,1.92451e-05,0.000607921
1786500000027,META,9.1615e-06,0.0004465847
1786503600031,META,2.23908e-05,0.000658252
1786507200057,META,2.13691e-05,0.0006419052
1786251600037,GOOGL,6.25e-06,0.000123594
1786255200035,GOOGL,8.4195e-06,0.0004347125
1786258800066,GOOGL,6.25e-06,-2.30406e-05
1786262400003,GOOGL,1.29121e-05,0.0005065944
1786266000034,GOOGL,9.5591e-06,0.0004529456
1786269600046,GOOGL,6.25e-06,4.647e-05
1786273200046,GOOGL,6.25e-06,1.22383e-05
1786276800041,GOOGL,6.25e-06,-0.0001179947
1786280400020,GOOGL,6.25e-06,-6.83926e-05
1786284000018,GOOGL,6.25e-06,-0.0001150235
1786287600054,GOOGL,6.25e-06,3.52687e-05
1786291200032,GOOGL,6.443e-06,0.0004030874
1786294800013,GOOGL,1.66507e-05,0.0005664107
1786298400017,GOOGL,6.25e-06,4.45053e-05
1786302000035,GOOGL,6.25e-06,0.000395941
1786305600032,GOOGL,2.04214e-05,0.000626742
1786309200021,GOOGL,6.25e-06,0.00038062
1786312800020,GOOGL,6.25e-06,-6.93292e-05
1786316400017,GOOGL,-9.74218e-05,-0.0018587486
1786320000029,GOOGL,-3.27293e-05,-0.0008236693
1786323600030,GOOGL,4.41352e-05,0.0010061626
1786327200015,GOOGL,3.8567e-05,0.0009170717
1786330800079,GOOGL,3.30319e-05,0.0008285107
1786334400005,GOOGL,2.01042e-05,0.0006216671
1786338000028,GOOGL,3.30871e-05,0.000829393
1786341600066,GOOGL,2.00013e-05,0.0006200204
1786345200068,GOOGL,1.17478e-05,0.000487964
1786348800043,GOOGL,1.91313e-05,0.0006061011
1786352400010,GOOGL,1.81015e-05,0.0005896248
1786356000067,GOOGL,7.3945e-06,0.0004183123
1786359600043,GOOGL,1.12995e-05,0.0004807925
1786363200013,GOOGL,1.63705e-05,0.0005619286
1786366800029,GOOGL,7.7458e-06,0.000423933
1786370400065,GOOGL,1.72165e-05,0.0005754642
1786374000001,GOOGL,9.2517e-06,0.000448028
1786377600020,GOOGL,1.1203e-05,0.0004792479
1786381200047,GOOGL,6.25e-06,0.0003071775
1786384800012,GOOGL,6.25e-06,5.2259e-06
1786388400045,GOOGL,6.25e-06,0.0001340601
1786392000074,GOOGL,6.25e-06,0.0001881839
1786395600052,GOOGL,6.25e-06,0.000218518
1786399200028,GOOGL,6.25e-06,-0.0001292976
1786402800066,GOOGL,6.25e-06,-0.0001396795
1786406400019,GOOGL,6.25e-06,7.4246e-06
1786410000033,GOOGL,6.25e-06,3.97575e-05
1786413600013,GOOGL,6.25e-06,8.91086e-05
1786417200120,GOOGL,6.25e-06,0.0001027556
1786420800086,GOOGL,6.25e-06,0.0002463734
1786424400010,GOOGL,6.25e-06,0.0001382349
1786428000024,GOOGL,6.25e-06,0.0001799924
1786431600002,GOOGL,6.25e-06,8.53113e-05
1786435200091,GOOGL,6.25e-06,0.0002765989
1786438800123,GOOGL,6.25e-06,0.000149007
1786442400054,GOOGL,6.25e-06,0.0003154336
1786446000035,GOOGL,6.25e-06,0.0002736079
1786449600025,GOOGL,6.25e-06,0.0002306037
1786453200053,GOOGL,6.25e-06,0.0003412732
1786456800065,GOOGL,6.25e-06,0.0003787494
1786460400033,GOOGL,1.33455e-05,0.0005135287
1786464000039,GOOGL,2.89085e-05,0.0007625352
1786467600008,GOOGL,2.71024e-05,0.0007336387
1786471200017,GOOGL,3.96232e-05,0.0009339715
1786474800065,GOOGL,2.64093e-05,0.0007225483
1786478400007,GOOGL,7.8664e-06,0.0004258616
1786482000039,GOOGL,1.60031e-05,0.0005560489
1786485600006,GOOGL,1.83148e-05,0.0005930364
1786489200043,GOOGL,3.70394e-05,0.0008926297
1786492800012,GOOGL,3.62498e-05,0.0008799971
1786496400060,GOOGL,3.06384e-05,0.0007902146
1786500000027,GOOGL,3.03191e-05,0.0007851053
1786503600031,GOOGL,2.75974e-05,0.0007415578
1786507200057,GOOGL,3.19428e-05,0.000811085
1786251600037,AMZN,6.25e-06,-7.41969e-05
1786255200035,AMZN,6.25e-06,-6.3671e-06
1786258800066,AMZN,6.25e-06,-0.0001465507
1786262400003,AMZN,6.25e-06,0.0002909675
1786266000034,AMZN,6.25e-06,0.0001424227
1786269600046,AMZN,6.25e-06,-0.0001574468
1786273200046,AMZN,6.25e-06,-0.0001129557
1786276800041,AMZN,-1.30748e-05,-0.0005091964
1786280400020,AMZN,5.1532e-06,-0.0002175494
1786284000018,AMZN,6.25e-06,-7.786e-05
1786287600054,AMZN,6.25e-06,0.0003581201
1786291200032,AMZN,6.25e-06,8.6583e-05
1786294800013,AMZN,6.25e-06,0.0002600302
1786298400017,AMZN,6.25e-06,0.0001804402
1786302000035,AMZN,3.78937e-05,0.0009062987
1786305600032,AMZN,6.25e-06,-0.0001745196
1786309200021,AMZN,-3.38203e-05,-0.0008411241
1786312800020,AMZN,6.25e-06,-0.0001551248
1786316400017,AMZN,-0.0001058138,-0.0019930202
1786320000029,AMZN,6.25e-06,0.0001760285
1786323600030,AMZN,3.1852e-06,-0.0002490375
1786327200015,AMZN,6.25e-06,-0.000149659
1786330800079,AMZN,3.5837e-06,-0.000242661
1786334400005,AMZN,6.25e-06,3.30362e-05
1786338000028,AMZN,6.25e-06,-4.06529e-05
1786341600066,AMZN,6.25e-06,-9.8379e-06
1786345200068,AMZN,6.25e-06,-7.57111e-05
1786348800043,AMZN,6.25e-06,2.74827e-05
1786352400010,AMZN,6.25e-06,-2.37849e-05
1786356000067,AMZN,6.25e-06,1.38149e-05
1786359600043,AMZN,6.25e-06,-8.47785e-05
1786363200013,AMZN,6.25e-06,-5.2205e-05
1786366800029,AMZN,6.25e-06,-0.000166011
1786370400065,AMZN,6.25e-06,-0.0001348005
1786374000001,AMZN,6.25e-06,5.8906e-05
1786377600020,AMZN,6.25e-06,2.40312e-05
1786381200047,AMZN,-2.401e-06,-0.0003384167
1786384800012,AMZN,1.12714e-05,0.0004803425
1786388400045,AMZN,1.66564e-05,0.0005665031
1786392000074,AMZN,6.25e-06,0.0003640405
1786395600052,AMZN,5.0719e-06,-0.0002188497
1786399200028,AMZN,-1.58408e-05,-0.000553453
1786402800066,AMZN,-7.7064e-06,-0.0004233017
1786406400019,AMZN,-3.0678e-06,-0.0003490849
1786410000033,AMZN,-3.90419e-05,-0.0009246706
1786413600013,AMZN,-3.26196e-05,-0.0008219137
1786417200120,AMZN,-1.52299e-05,-0.0005436779
1786420800086,AMZN,-1.28638e-05,-0.0005058214
1786424400010,AMZN,-8.5032e-06,-0.0004360509
1786428000024,AMZN,3.535e-06,-0.0002434395
1786431600002,AMZN,-9.8541e-06,-0.0004576654
1786435200091,AMZN,-5.7176e-06,-0.0003914821
1786438800123,AMZN,6.25e-06,-5.44832e-05
1786442400054,AMZN,-4.8417e-06,-0.0003774667
1786446000035,AMZN,8.03e-08,-0.0002987156
1786449600025,AMZN,4.1233e-06,-0.0002340278
1786453200053,AMZN,6.25e-06,-0.0001967672
1786456800065,AMZN,4.6734e-06,-0.0002252256
1786460400033,AMZN,6.25e-06,-0.0001156488
1786464000039,AMZN,6.25e-06,-0.0001257088
1786467600008,AMZN,6.25e-06,-5.5754e-05
1786471200017,AMZN,6.25e-06,4.4663e-05
1786474800065,AMZN,6.25e-06,2.36657e-05
1786478400007,AMZN,6.25e-06,-5.39565e-05
1786482000039,AMZN,6.25e-06,-0.0001798233
1786485600006,AMZN,4.7763e-06,-0.0002235795
1786489200043,AMZN,1.8685e-06,-0.0002701036
1786492800012,AMZN,6.25e-06,-0.0001385854
1786496400060,AMZN,6.25e-06,-0.0001449969
1786500000027,AMZN,6.25e-06,-8.30791e-05
1786503600031,AMZN,6.25e-06,-0.0001571333
1786507200057,AMZN,6.25e-06,-5.94599e-05
1786251600037,AVGO,-1.24039e-05,-0.0004984618
1786255200035,AVGO,3.9987e-06,-0.0002360212
1786258800066,AVGO,1.54129e-05,0.000546607
1786262400003,AVGO,6.25e-06,0.0001205331
1786266000034,AVGO,-5.79989e-05,-0.0012279829
1786269600046,AVGO,-3.9968e-06,-0.0003639491
1786273200046,AVGO,6.25e-06,0.0002254046
1786276800041,AVGO,1.94235e-05,0.0006107762
1786280400020,AVGO,4.03438e-05,0.0009455012
1786284000018,AVGO,3.45906e-05,0.00085345
1786287600054,AVGO,6.25e-06,0.0001662488
1786291200032,AVGO,1.7678e-06,-0.000271715
1786294800013,AVGO,-5.34888e-05,-0.0011558213
1786298400017,AVGO,4.79916e-05,0.0010678661
1786302000035,AVGO,6.25e-06,0.0003410601
1786305600032,AVGO,9.539e-07,-0.0002847379
1786309200021,AVGO,-1.54334e-05,-0.000546934
1786312800020,AVGO,-1.23774e-05,-0.0004980377
1786316400017,AVGO,-9.05819e-05,-0.0017493097
1786320000029,AVGO,5.6782e-06,-0.0002091486
1786323600030,AVGO,4.04799e-05,0.0009476778
1786327200015,AVGO,4.64451e-05,0.0010431223
1786330800079,AVGO,3.98198e-05,0.0009371161
1786334400005,AVGO,4.47955e-05,0.0010167283
1786338000028,AVGO,4.33462e-05,0.0009935389
1786341600066,AVGO,4.40624e-05,0.0010049985
1786345200068,AVGO,2.61443e-05,0.000718309
1786348800043,AVGO,2.58311e-05,0.0007132975
1786352400010,AVGO,6.25e-06,0.0003782857
1786356000067,AVGO,6.25e-06,0.000349036
1786359600043,AVGO,1.75741e-05,0.000581185
1786363200013,AVGO,3.25186e-05,0.000820298
1786366800029,AVGO,2.63361e-05,0.0007213773
1786370400065,AVGO,2.92604e-05,0.0007681668
1786374000001,AVGO,2.337e-05,0.0006739201
1786377600020,AVGO,1.59788e-05,0.0005556614
1786381200047,AVGO,2.30553e-05,0.0006688854
1786384800012,AVGO,2.80719e-05,0.000749151
1786388400045,AVGO,2.02729e-05,0.0006243665
1786392000074,AVGO,3.1258e-05,0.0008001277
1786395600052,AVGO,4.09288e-05,0.0009548615
1786399200028,AVGO,4.30094e-05,0.0009881497
1786402800066,AVGO,3.87061e-05,0.0009192979
1786406400019,AVGO,1.90443e-05,0.0006047082
1786410000033,AVGO,2.00864e-05,0.0006213825
1786413600013,AVGO,3.84749e-05,0.0009155986
1786417200120,AVGO,3.56077e-05,0.0008697236
1786420800086,AVGO,3.39782e-05,0.0008436517
1786424400010,AVGO,2.97783e-05,0.0007764531
1786428000024,AVGO,6.25e-06,0.0003931088
1786431600002,AVGO,6.25e-06,0.0002541063
1786435200091,AVGO,9.4825e-06,0.0004517198
1786438800123,AVGO,6.25e-06,1.62516e-05
1786442400054,AVGO,1.35487e-05,0.0005167787
1786446000035,AVGO,4.11235e-05,0.0009579752
1786449600025,AVGO,6.25e-06,0.0003998715
1786453200053,AVGO,6.25e-06,0.0003329073
1786456800065,AVGO,3.0155e-05,0.0007824802
1786460400033,AVGO,9.4538e-06,0.0004512605
1786464000039,AVGO,2.5163e-05,0.0007026087
1786467600008,AVGO,2.1831e-05,0.0006492953
1786471200017,AVGO,2.23701e-05,0.0006579222
1786474800065,AVGO,1.62891e-05,0.000560625
1786478400007,AVGO,1.57647e-05,0.0005522355
1786482000039,AVGO,1.70764e-05,0.0005732217
1786485600006,AVGO,3.08927e-05,0.0007942829
1786489200043,AVGO,3.0156e-05,0.0007824961
1786492800012,AVGO,1.03223e-05,0.0004651574
1786496400060,AVGO,1.3802e-05,0.0005208323
1786500000027,AVGO,1.56216e-05,0.0005499448
1786503600031,AVGO,2.13179e-05,0.0006410869
1786507200057,AVGO,1.63052e-05,0.0005608832
1786251600037,COIN,-1.6318e-06,-0.0003261088
1786255200035,COIN,6.25e-06,0.0002123871
1786258800066,COIN,3.20723e-05,0.000813157
1786262400003,COIN,6.25e-06,-0.000135275
1786266000034,COIN,-8.227e-07,-0.0003131631
1786269600046,COIN,1.76317e-05,0.0005821064
1786273200046,COIN,3.30225e-05,0.0008283599
1786276800041,COIN,6.51653e-05,0.0013426442
1786280400020,COIN,2.07096e-05,0.0006313543
1786284000018,COIN,5.55158e-05,0.0011882521
1786287600054,COIN,6.25e-06,0.0003221612
1786291200032,COIN,1.57413e-05,0.0005518602
1786294800013,COIN,1.29313e-05,0.000506901
1786298400017,COIN,-7.54925e-05,-0.0015078804
1786302000035,COIN,1.40533e-05,0.0005248524
1786305600032,COIN,6.25e-06,0.0001418935
1786309200021,COIN,-2.75169e-05,-0.0007402711
1786312800020,COIN,6.25e-06,3.43662e-05
1786316400017,COIN,-3.11153e-05,-0.0007978448
1786320000029,COIN,-7.76793e-05,-0.0015428696
1786323600030,COIN,6.25e-06,0.0003009681
1786327200015,COIN,6.25e-06,0.0001806054
1786330800079,COIN,6.25e-06,-0.0001092675
1786334400005,COIN,6.25e-06,-5.56222e-05
1786338000028,COIN,6.25e-06,0.0003994504
1786341600066,COIN,6.25e-06,0.0003219546
1786345200068,COIN,9.6066e-06,0.0004537059
1786348800043,COIN,1.03684e-05,0.0004658942
1786352400010,COIN,6.25e-06,0.0002816973
1786356000067,COIN,6.25e-06,-3.06749e-05
1786359600043,COIN,2.3541e-05,0.0006766555
1786363200013,COIN,1.11829e-05,0.0004789262
1786366800029,COIN,1.82072e-05,0.0005913146
1786370400065,COIN,1.91457e-05,0.0006063319
1786374000001,COIN,2.35999e-05,0.0006775986
1786377600020,COIN,1.23603e-05,0.0004977641
1786381200047,COIN,6.25e-06,0.0003294804
1786384800012,COIN,1.60968e-05,0.0005575491
1786388400045,COIN,1.63156e-05,0.0005610488
1786392000074,COIN,1.76807e-05,0.0005828912
1786395600052,COIN,6.25e-06,0.0003995859
1786399200028,COIN,2.0169e-05,0.0006227033
1786402800066,COIN,6.25e-06,0.0002100679
1786406400019,COIN,6.25e-06,-8.83216e-05
1786410000033,COIN,1.79491e-05,0.0005871862
1786413600013,COIN,7.8668e-06,0.0004258696
1786417200120,COIN,6.25e-06,0.0002359455
1786420800086,COIN,6.25e-06,0.0001355581
1786424400010,COIN,6.25e-06,0.000230181
1786428000024,COIN,6.25e-06,-0.0001277753
1786431600002,COIN,6.25e-06,0.0001948129
1786435200091,COIN,2.1843e-05,0.0006494883
1786438800123,COIN,1.09231e-05,0.0004747699
1786442400054,COIN,6.25e-06,0.0002538499
1786446000035,COIN,6.25e-06,0.0003634904
1786449600025,COIN,2.72028e-05,0.0007352449
1786453200053,COIN,2.44929e-05,0.0006918861
1786456800065,COIN,1.64089e-05,0.0005625418
1786460400033,COIN,6.25e-06,0.0003788298
1786464000039,COIN,6.25e-06,0.0003332238
1786467600008,COIN,1.76008e-05,0.0005816126
1786471200017,COIN,6.25e-06,0.0003659841
1786474800065,COIN,6.25e-06,0.0002301014
1786478400007,COIN,1.36481e-05,0.0005183689
1786482000039,COIN,6.25e-06,0.0003036631
1786485600006,COIN,6.25e-06,0.0002875883
1786489200043,COIN,1.51255e-05,0.0005420084
1786492800012,COIN,6.25e-06,0.0003328819
1786496400060,COIN,1.69543e-05,0.0005712686
1786500000027,COIN,2.01776e-05,0.0006228408
1786503600031,COIN,3.68638e-05,0.0008898211
1786507200057,COIN,4.39999e-05,0.0010039984
1786251600037,HOOD,2.63858e-05,0.0007221733
1786255200035,HOOD,-1.54766e-05,-0.0005476252
1786258800066,HOOD,-5.9317e-06,-0.0003949076
1786262400003,HOOD,-1.48651e-05,-0.000537841
1786266000034,HOOD,-1.6107e-06,-0.0003257713
1786269600046,HOOD,2.4651e-06,-0.0002605577
1786273200046,HOOD,5.1597e-06,-0.0002174441
1786276800041,HOOD,6.25e-06,7.94763e-05
1786280400020,HOOD,6.25e-06,3.95219e-05
1786284000018,HOOD,2.91624e-05,0.0007665989
1786287600054,HOOD,1.10881e-05,0.0004774103
1786291200032,HOOD,6.25e-06,3.20587e-05
1786294800013,HOOD,3.9796e-06,-0.0002363265
1786298400017,HOOD,6.25e-06,-4.47124e-05
1786302000035,HOOD,6.25e-06,0.000264507
1786305600032,HOOD,6.25e-06,-0.0001422818
1786309200021,HOOD,6.25e-06,7.93825e-05
1786312800020,HOOD,6.25e-06,6.64676e-05
1786316400017,HOOD,-0.0001445329,-0.0026125271
1786320000029,HOOD,-4.22337e-05,-0.0009757393
1786323600030,HOOD,2.64717e-05,0.0007235472
1786327200015,HOOD,2.70711e-05,0.0007331368
1786330800079,HOOD,6.25e-06,0.00016958
1786334400005,HOOD,6.25e-06,0.0001777951
1786338000028,HOOD,6.25e-06,0.0002919712
1786341600066,HOOD,6.25e-06,0.0003052923
1786345200068,HOOD,6.25e-06,0.0001322859
1786348800043,HOOD,6.25e-06,0.0002791905
1786352400010,HOOD,6.25e-06,0.0002835814
1786356000067,HOOD,6.25e-06,0.0001458248
1786359600043,HOOD,6.25e-06,0.0003174657
1786363200013,HOOD,2.7562e-05,0.0007409916
1786366800029,HOOD,6.25e-06,0.0003104288
1786370400065,HOOD,1.13639e-05,0.0004818223
1786374000001,HOOD,6.9041e-06,0.0004104656
1786377600020,HOOD,1.04246e-05,0.0004667941
1786381200047,HOOD,1.44485e-05,0.0005311756
1786384800012,HOOD,1.76785e-05,0.0005828557
1786388400045,HOOD,1.17464e-05,0.0004879427
1786392000074,HOOD,7.8325e-06,0.0004253192
1786395600052,HOOD,6.25e-06,0.0003503438
1786399200028,HOOD,6.25e-06,0.000265983
1786402800066,HOOD,7.9485e-06,0.0004271757
1786406400019,HOOD,6.25e-06,0.0003332676
1786410000033,HOOD,6.25e-06,0.0003105408
1786413600013,HOOD,7.8991e-06,0.0004263861
1786417200120,HOOD,6.25e-06,0.0002176392
1786420800086,HOOD,3.21832e-05,0.0008149311
1786424400010,HOOD,2.87815e-05,0.0007605046
1786428000024,HOOD,3.024e-05,0.0007838395
1786431600002,HOOD,2.80323e-05,0.0007485173
1786435200091,HOOD,2.26621e-05,0.0006625937
1786438800123,HOOD,7.8236e-06,0.0004251781
1786442400054,HOOD,2.53948e-05,0.0007063174
1786446000035,HOOD,2.25547e-05,0.0006608759
1786449600025,HOOD,1.50341e-05,0.0005405454
1786453200053,HOOD,1.3409e-05,0.0005145443
1786456800065,HOOD,2.39458e-05,0.0006831327
1786460400033,HOOD,8.8101e-06,0.0004409613
1786464000039,HOOD,6.25e-06,0.0003323939
1786467600008,HOOD,6.25e-06,0.0003713462
1786471200017,HOOD,1.05617e-05,0.0004689877
1786474800065,HOOD,1.7769e-05,0.0005843032
1786478400007,HOOD,1.79284e-05,0.0005868548
1786482000039,HOOD,2.11795e-05,0.0006388715
1786485600006,HOOD,6.25e-06,0.0003347625
1786489200043,HOOD,1.25915e-05,0.0005014637
1786492800012,HOOD,6.25e-06,0.0002161484
1786496400060,HOOD,9.1193e-06,0.0004459093
1786500000027,HOOD,1.78003e-05,0.0005848051
1786503600031,HOOD,1.37298e-05,0.0005196769
1786507200057,HOOD,1.79459e-05,0.0005871344
1786251600037,INTC,6.25e-06,0.0002448801
1786255200035,INTC,6.25e-06,0.0002036904
1786258800066,INTC,6.25e-06,0.0002863345
1786262400003,INTC,-4.09692e-05,-0.0009555066
1786266000034,INTC,-4.24049e-05,-0.0009784779
1786269600046,INTC,-1.75806e-05,-0.0005812903
1786273200046,INTC,-3.655e-07,-0.0003058474
1786276800041,INTC,2.86591e-05,0.0007585454
1786280400020,INTC,1.51078e-05,0.0005417254
1786284000018,INTC,6.25e-06,0.0002757377
1786287600054,INTC,6.25e-06,-3.44888e-05
1786291200032,INTC,6.25e-06,-0.0001377211
1786294800013,INTC,6.25e-06,0.0001671672
1786298400017,INTC,6.25e-06,0.0002920741
1786302000035,INTC,6.25e-06,0.0003770021
1786305600032,INTC,6.25e-06,-0.0001433476
1786309200021,INTC,6.25e-06,0.0002802268
1786312800020,INTC,1.65013e-05,0.0005640215
1786316400017,INTC,1.45855e-05,0.0005333678
1786320000029,INTC,-1.44761e-05,-0.0005316176
1786323600030,INTC,6.25e-06,0.0003168897
1786327200015,INTC,3.30921e-05,0.0008294729
1786330800079,INTC,4.29077e-05,0.0009865236
1786334400005,INTC,3.01254e-05,0.0007820065
1786338000028,INTC,1.61584e-05,0.0005585343
1786341600066,INTC,2.82903e-05,0.0007526445
1786345200068,INTC,2.29177e-05,0.0006666839
1786348800043,INTC,2.31673e-05,0.0006706764
1786352400010,INTC,6.25e-06,0.0002331505
1786356000067,INTC,6.25e-06,0.0002289636
1786359600043,INTC,6.25e-06,0.000184498
1786363200013,INTC,6.25e-06,0.0002028274
1786366800029,INTC,6.25e-06,-3.01092e-05
1786370400065,INTC,6.25e-06,5.95701e-05
1786374000001,INTC,6.25e-06,7.01504e-05
1786377600020,INTC,6.25e-06,-2.18362e-05
1786381200047,INTC,6.25e-06,2.54202e-05
1786384800012,INTC,6.25e-06,0.0001550657
1786388400045,INTC,6.25e-06,9.78048e-05
1786392000074,INTC,6.25e-06,0.0001428359
1786395600052,INTC,6.25e-06,0.0001813782
1786399200028,INTC,6.25e-06,0.0002039027
1786402800066,INTC,6.25e-06,0.0002386371
1786406400019,INTC,6.25e-06,0.0001451488
1786410000033,INTC,6.25e-06,6.43039e-05
1786413600013,INTC,6.25e-06,0.0002346062
1786417200120,INTC,6.25e-06,0.0003774337
1786420800086,INTC,7.0401e-06,0.0004126423
1786424400010,INTC,7.7525e-06,0.0004240396
1786428000024,INTC,6.25e-06,0.000331084
1786431600002,INTC,6.25e-06,0.0001462836
1786435200091,INTC,6.25e-06,0.0002048689
1786438800123,INTC,6.25e-06,0.0003475112
1786442400054,INTC,6.25e-06,0.0003128005
1786446000035,INTC,6.25e-06,0.0003520461
1786449600025,INTC,6.25e-06,0.0003642653
1786453200053,INTC,7.1868e-06,0.0004149884
1786456800065,INTC,6.25e-06,0.0002650776
1786460400033,INTC,6.25e-06,0.0002428798
1786464000039,INTC,6.25e-06,0.0002292098
1786467600008,INTC,6.25e-06,0.0001940513
1786471200017,INTC,6.25e-06,0.0002198667
1786474800065,INTC,6.25e-06,0.0002610841
1786478400007,INTC,6.25e-06,0.0002857255
1786482000039,INTC,6.25e-06,0.0002009979
1786485600006,INTC,6.25e-06,0.0001234104
1786489200043,INTC,6.25e-06,0.0001994954
1786492800012,INTC,6.25e-06,0.0001295692
1786496400060,INTC,6.25e-06,0.000241233
1786500000027,INTC,6.25e-06,0.0003700156
1786503600031,INTC,1.27739e-05,0.0005043822
1786507200057,INTC,1.2505e-05,0.0005000794
1786251600037,PLTR,6.25e-06,0.0002040168
1786255200035,PLTR,6.25e-06,0.0002806872
1786258800066,PLTR,6.25e-06,-0.0001780997
1786262400003,PLTR,5.19483e-05,0.001131172
1786266000034,PLTR,6.25e-06,2.365e-06
1786269600046,PLTR,6.25e-06,0.0001160514
1786273200046,PLTR,6.25e-06,0.000229081
1786276800041,PLTR,7.015e-06,0.0004122395
1786280400020,PLTR,3.39205e-05,0.0008427278
1786284000018,PLTR,6.20964e-05,0.0012935427
1786287600054,PLTR,6.25e-06,2.28344e-05
1786291200032,PLTR,-3.85258e-05,-0.0009164134
1786294800013,PLTR,-2.81932e-05,-0.0007510907
1786298400017,PLTR,6.25e-06,-6.33977e-05
1786302000035,PLTR,6.25e-06,-7.15044e-05
1786305600032,PLTR,6.25e-06,0.0001555913
1786309200021,PLTR,5.47369e-05,0.0011757904
1786312800020,PLTR,6.1596e-06,-0.0002014465
1786316400017,PLTR,-0.0001142019,-0.0021272306
1786320000029,PLTR,6.25e-06,-0.0001077294
1786323600030,PLTR,-2.76734e-05,-0.0007427744
1786327200015,PLTR,-2.28342e-05,-0.0006653475
1786330800079,PLTR,-1.68138e-05,-0.0005690204
1786334400005,PLTR,-9.7883e-06,-0.0004566122
1786338000028,PLTR,6.25e-06,-0.0001823776
1786341600066,PLTR,6.25e-06,3.55e-05
1786345200068,PLTR,6.25e-06,0.0001340752
1786348800043,PLTR,6.25e-06,0.0002908111
1786352400010,PLTR,3.3583e-06,-0.0002462668
1786356000067,PLTR,-2.0272e-06,-0.000332436
1786359600043,PLTR,6.25e-06,4.4568e-05
1786363200013,PLTR,7.3842e-06,0.0004181476
1786366800029,PLTR,6.25e-06,-4.3846e-05
1786370400065,PLTR,6.25e-06,0.0003148112
1786374000001,PLTR,-3.32706e-05,-0.0008323293
1786377600020,PLTR,-3.99532e-05,-0.0009392519
1786381200047,PLTR,-4.64219e-05,-0.0010427509
1786384800012,PLTR,6.25e-06,0.0001272231
1786388400045,PLTR,6.25e-06,-6.53038e-05
1786392000074,PLTR,6.25e-06,-0.0001463283
1786395600052,PLTR,6.25e-06,0.0001002965
1786399200028,PLTR,6.25e-06,-0.0001541517
1786402800066,PLTR,6.25e-06,-0.0001944387
1786406400019,PLTR,1.1398e-06,-0.0002817632
1786410000033,PLTR,6.25e-06,-0.0001438135
1786413600013,PLTR,6.25e-06,-7.40255e-05
1786417200120,PLTR,-4.6587e-06,-0.0003745392
1786420800086,PLTR,-7.0134e-06,-0.0004122146
1786424400010,PLTR,-6.4728e-06,-0.000403565
1786428000024,PLTR,-1.0282e-05,-0.0004645117
1786431600002,PLTR,-1.90349e-05,-0.0006045583
1786435200091,PLTR,-1.73031e-05,-0.0005768495
1786438800123,PLTR,3.8056e-06,-0.0002391098
1786442400054,PLTR,-1.38725e-05,-0.0005219607
1786446000035,PLTR,-1.41069e-05,-0.0005257103
1786449600025,PLTR,-1.23701e-05,-0.0004979215
1786453200053,PLTR,-3.13268e-05,-0.0008012287
1786456800065,PLTR,-3.89537e-05,-0.0009232598
1786460400033,PLTR,-3.74113e-05,-0.0008985803
1786464000039,PLTR,-3.75747e-05,-0.0009011955
1786467600008,PLTR,-4.49359e-05,-0.0010189748
1786471200017,PLTR,-8.16631e-05,-0.0016066097
1786474800065,PLTR,6.25e-06,-7.78952e-05
1786478400007,PLTR,9.8181e-06,0.0004570888
1786482000039,PLTR,1.7232e-05,0.0005757115
1786485600006,PLTR,6.25e-06,0.0002848595
1786489200043,PLTR,6.25e-06,6.58342e-05
1786492800012,PLTR,6.25e-06,7.8373e-06
1786496400060,PLTR,6.25e-06,-0.0001425587
1786500000027,PLTR,6.25e-06,-0.0001734113
1786503600031,PLTR,5.8845e-06,-0.0002058488
1786507200057,PLTR,6.25e-06,-0.0001594293
1786251600037,GOLD,6.25e-06,-8.78196e-05
1786255200035,GOLD,6.25e-06,-9.0884e-06
1786258800066,GOLD,6.25e-06,9.24976e-05
1786262400003,GOLD,9.7528e-06,0.0004560446
1786266000034,GOLD,6.25e-06,-3.62757e-05
1786269600046,GOLD,6.25e-06,-0.0001525328
1786273200046,GOLD,6.25e-06,-8.92699e-05
1786276800041,GOLD,6.25e-06,0.0002070143
1786280400020,GOLD,6.25e-06,0.0002196569
1786284000018,GOLD,6.25e-06,0.0001010203
1786287600054,GOLD,6.25e-06,-5.33393e-05
1786291200032,GOLD,6.25e-06,2.0617e-06
1786294800013,GOLD,6.25e-06,0.0001560698
1786298400017,GOLD,5.1849e-06,-0.0002170418
1786302000035,GOLD,6.25e-06,-5.04383e-05
1786305600032,GOLD,6.25e-06,0.0002203508
1786309200021,GOLD,6.25e-06,0.0002778686
1786312800020,GOLD,-1.88216e-05,-0.0006011454
1786316400017,GOLD,6.25e-06,-0.0001332485
1786320000029,GOLD,6.25e-06,0.0001257759
1786323600030,GOLD,6.25e-06,6.94671e-05
1786327200015,GOLD,6.25e-06,4.6418e-05
1786330800079,GOLD,6.25e-06,-1.96969e-05
1786334400005,GOLD,6.25e-06,-0.0001570983
1786338000028,GOLD,6.25e-06,-0.0001953277
1786341600066,GOLD,6.25e-06,-0.000136791
1786345200068,GOLD,6.25e-06,-0.0001187683
1786348800043,GOLD,6.25e-06,-0.0001106611
1786352400010,GOLD,6.25e-06,-0.0001311361
1786356000067,GOLD,6.25e-06,-0.0001083416
1786359600043,GOLD,6.25e-06,-6.9e-09
1786363200013,GOLD,6.25e-06,-6.11661e-05
1786366800029,GOLD,6.25e-06,-4.06898e-05
1786370400065,GOLD,6.25e-06,4.46915e-05
1786374000001,GOLD,6.25e-06,6.48542e-05
1786377600020,GOLD,6.25e-06,6.59426e-05
1786381200047,GOLD,-5.609e-07,-0.000308975
1786384800012,GOLD,-7.0183e-06,-0.0004122929
1786388400045,GOLD,-6.1347e-06,-0.0003981549
1786392000074,GOLD,6.25e-06,-0.0001350385
1786395600052,GOLD,1.18785e-05,0.0004900557
1786399200028,GOLD,2.71075e-05,0.0007337194
1786402800066,GOLD,1.49674e-05,0.0005394784
1786406400019,GOLD,3.48404e-05,0.0008574462
1786410000033,GOLD,3.74402e-05,0.0008990427
1786413600013,GOLD,2.86639e-05,0.0007586232
1786417200120,GOLD,3.01129e-05,0.0007818058
1786420800086,GOLD,2.52774e-05,0.000704438
1786424400010,GOLD,2.03056e-05,0.0006248904
1786428000024,GOLD,1.61853e-05,0.0005589655
1786431600002,GOLD,1.1974e-05,0.0004915846
1786435200091,GOLD,8.6709e-06,0.0004387351
1786438800123,GOLD,1.01656e-05,0.0004626494
1786442400054,GOLD,2.08078e-05,0.0006329243
1786446000035,GOLD,2.51121e-05,0.0007017944
1786449600025,GOLD,9.6435e-06,0.0004542964
1786453200053,GOLD,1.39339e-05,0.0005229425
1786456800065,GOLD,6.25e-06,0.0003692806
1786460400033,GOLD,6.25e-06,8.16544e-05
1786464000039,GOLD,6.25e-06,1.79428e-05
1786467600008,GOLD,6.25e-06,6.51448e-05
1786471200017,GOLD,6.25e-06,-5.59542e-05
1786474800065,GOLD,6.25e-06,-0.0001088504
1786478400007,GOLD,6.25e-06,-0.0001088505
1786482000039,GOLD,6.25e-06,0.0001032431
1786485600006,GOLD,6.25e-06,0.0003109033
1786489200043,GOLD,6.25e-06,5.16161e-05
1786492800012,GOLD,6.25e-06,-2.84938e-05
1786496400060,GOLD,6.25e-06,8.8376e-05
1786500000027,GOLD,6.25e-06,-8.73386e-05
1786503600031,GOLD,6.25e-06,-0.0001070501
1786507200057,GOLD,6.25e-06,-0.0001885004
1786510800031,NVDA,1.70117e-05,0.000572187
1786510800031,TSLA,8.9147e-06,0.0004426349
1786510800031,AAPL,6.25e-06,0.0002279573
1786510800031,MSFT,6.25e-06,0.0003583273
1786510800031,META,1.30582e-05,0.0005089307
1786510800031,GOOGL,1.93599e-05,0.0006097586
1786510800031,AMZN,6.25e-06,0.0001603733
1786510800031,AVGO,6.25e-06,0.0003266461
1786510800031,COIN,3.5537e-05,0.0008685914
1786510800031,HOOD,2.33424e-05,0.0006734785
1786510800031,INTC,2.3277e-05,0.0006724314
1786510800031,PLTR,4.5142e-06,-0.0002277734
1786510800031,GOLD,6.25e-06,-0.0001879424
1786514400069,NVDA,1.48749e-05,0.0005379985
1786518000076,NVDA,6.7297e-06,0.000407675
1786514400069,TSLA,6.25e-06,0.0003404161
1786518000076,TSLA,1.0392e-05,0.0004662724
1786514400069,AAPL,6.25e-06,0.0002275302
1786518000076,AAPL,6.25e-06,0.000283428
1786514400069,MSFT,7.1755e-06,0.0004148078
1786518000076,MSFT,1.63784e-05,0.0005620544
1786514400069,META,1.72657e-05,0.0005762515
1786518000076,META,9.96e-06,0.0004593608
1786514400069,GOOGL,2.77751e-05,0.0007444016
1786518000076,GOOGL,3.33827e-05,0.0008341234
1786514400069,AMZN,6.25e-06,-0.0001437911
1786518000076,AMZN,6.25e-06,-0.0001041617
1786514400069,AVGO,6.25e-06,0.0003687716
1786518000076,AVGO,6.25e-06,0.0002757604
1786514400069,COIN,3.32034e-05,0.000831254
1786518000076,COIN,4.10586e-05,0.0009569382
1786514400069,HOOD,2.15942e-05,0.0006455074
1786518000076,HOOD,3.32201e-05,0.0008315221
1786514400069,INTC,2.18752e-05,0.0006500031
1786518000076,INTC,1.52053e-05,0.0005432852
1786514400069,PLTR,6.25e-06,-0.0001319179
1786518000076,PLTR,6.25e-06,0.0002827608
1786514400069,GOLD,6.25e-06,-3.71078e-05
1786518000076,GOLD,6.25e-06,0.0001508255
1786521600044,NVDA,3.35206e-05,0.0008363293
1786521600044,TSLA,2.42923e-05,0.0006886766
1786521600044,AAPL,6.25e-06,0.0001248151
1786521600044,MSFT,9.1522e-06,0.000446435
1786521600044,META,6.8992e-06,0.0004103866
1786521600044,GOOGL,2.82666e-05,0.0007522651
1786521600044,AMZN,6.25e-06,-5.51237e-05
1786521600044,AVGO,2.84056e-05,0.0007544903
1786521600044,COIN,2.35066e-05,0.0006761052
1786521600044,HOOD,1.66027e-05,0.0005656438
1786521600044,INTC,1.84563e-05,0.0005953012
1786521600044,PLTR,6.25e-06,0.0001130963
1786521600044,GOLD,6.25e-06,0.0001375474
1786525200033,NVDA,6.3258e-06,0.0004012122
1786525200033,TSLA,6.25e-06,0.0003051569
1786525200033,AAPL,6.25e-06,0.000232826
1786525200033,MSFT,-9.877e-07,-0.0003158024
1786525200033,META,1.61485e-05,0.0005583761
1786525200033,GOOGL,3.00052e-05,0.0007800825
1786525200033,AMZN,6.25e-06,0.0002901582
1786525200033,AVGO,1.1799e-05,0.0004887841
1786525200033,COIN,2.86863e-05,0.0007589805
1786525200033,HOOD,2.5934e-05,0.0007149436
1786525200033,INTC,1.98909e-05,0.0006182537
1786525200033,PLTR,6.25e-06,0.0002756983
1786525200033,GOLD,6.25e-06,-2.40932e-05
1786528800035,NVDA,6.25e-06,0.0002660249
1786528800035,TSLA,9.6621e-06,0.0004545935
1786528800035,AAPL,6.25e-06,0.0001626684
1786528800035,MSFT,-1.9902e-06,-0.0003318428
1786528800035,META,2.35971e-05,0.0006775542
1786528800035,GOOGL,3.80765e-05,0.0009092237
1786528800035,AMZN,6.25e-06,1.1761e-05
1786528800035,AVGO,3.05989e-05,0.0007895828
1786528800035,COIN,2.73664e-05,0.0007378618
1786528800035,HOOD,1.35517e-05,0.000516828
1786528800035,INTC,1.59239e-05,0.0005547828
1786528800035,PLTR,7.288e-07,-0.0002883385
1786528800035,GOLD,6.25e-06,4.96704e-05
1786532400013,NVDA,6.25e-06,0.000331114
1786532400013,TSLA,1.78922e-05,0.0005862752
1786532400013,AAPL,6.25e-06,-2.1975e-06
1786532400013,MSFT,6.25e-06,-0.0001062849
1786532400013,META,3.55826e-05,0.0008693221
1786532400013,GOOGL,3.70484e-05,0.0008927737
1786532400013,AMZN,6.25e-06,-4.03686e-05
1786532400013,AVGO,6.25e-06,0.0002218942
1786532400013,COIN,2.59183e-05,0.0007146923
1786532400013,HOOD,3.21866e-05,0.0008149857
1786532400013,INTC,8.3093e-06,0.0004329484
1786532400013,PLTR,-9.7839e-06,-0.000456543
1786532400013,GOLD,6.25e-06,0.0001052295
1786536000003,NVDA,1.33054e-05,0.000512886
1786536000003,TSLA,1.08659e-05,0.0004738545
1786536000003,AAPL,6.25e-06,0.0001312762
1786536000003,MSFT,6.25e-06,-3.99443e-05
1786536000003,META,3.05447e-05,0.0007887154
1786536000003,GOOGL,2.71108e-05,0.0007337735
1786536000003,AMZN,6.25e-06,4.4374e-05
1786536000003,AVGO,8.6608e-06,0.0004385736
1786536000003,COIN,4.5733e-05,0.0010317274
1786536000003,HOOD,6.25e-06,0.0002715178
1786536000003,INTC,6.25e-06,0.0003211982
1786536000003,PLTR,-5.0825e-06,-0.0003813205
1786536000003,GOLD,6.25e-06,-5.98249e-05
1786539600045,NVDA,1.63808e-05,0.0005620923
1786539600045,TSLA,1.06991e-05,0.000471185
1786539600045,AAPL,6.25e-06,0.0001862875
1786539600045,MSFT,6.25e-06,-0.0001098331
1786539600045,META,9.3508e-06,0.0004496121
1786539600045,GOOGL,1.49781e-05,0.00053965
1786539600045,AMZN,6.25e-06,1.25133e-05
1786539600045,AVGO,6.25e-06,0.0003817415
1786539600045,COIN,2.41577e-05,0.0006865239
1786539600045,HOOD,6.25e-06,0.0002832263
1786539600045,INTC,6.25e-06,0.0003610348
1786539600045,PLTR,5.4181e-06,-0.0002133104
1786539600045,GOLD,6.25e-06,-7.18512e-05
1786543200026,NVDA,9.6825e-06,0.0004549205
1786543200026,TSLA,1.45035e-05,0.0005320565
1786543200026,AAPL,6.25e-06,0.0002723463
1786543200026,MSFT,6.25e-06,-0.0001487201
1786543200026,META,1.44027e-05,0.0005304431
1786543200026,GOOGL,2.02625e-05,0.0006242006
1786543200026,AMZN,6.25e-06,1.7684e-05
1786543200026,AVGO,1.87947e-05,0.0006007158
1786543200026,COIN,2.27737e-05,0.0006643791
1786543200026,HOOD,8.4773e-06,0.0004356373
1786543200026,INTC,6.25e-06,0.0003404993
1786543200026,PLTR,-1.47335e-05,-0.0005357362
1786543200026,GOLD,6.25e-06,-0.0001943672
1786546800037,NVDA,6.25e-06,-5.35087e-05
1786546800037,TSLA,1.33559e-05,0.0005136943
1786546800037,AAPL,6.25e-06,0.00034984
1786546800037,MSFT,6.25e-06,-8.1264e-05
1786546800037,META,6.25e-06,0.0001605596
1786546800037,GOOGL,1.27521e-05,0.0005040342
1786546800037,AMZN,6.25e-06,5.92464e-05
1786546800037,AVGO,3.22997e-05,0.0008167951
1786546800037,COIN,1.31438e-05,0.000510301
1786546800037,HOOD,1.18107e-05,0.0004889718
1786546800037,INTC,2.5191e-05,0.0007030558
1786546800037,PLTR,-2.0537e-05,-0.0006285919
1786546800037,GOLD,-2.6332e-06,-0.0003421305
1786550400020,NVDA,6.25e-06,0.0001057414
1786550400020,TSLA,1.37723e-05,0.000520357
1786550400020,AAPL,1.15768e-05,0.0004852294
1786550400020,MSFT,6.25e-06,-0.0001881544
1786550400020,META,6.25e-06,0.0001726134
1786550400020,GOOGL,1.70709e-05,0.0005731349
1786550400020,AMZN,6.25e-06,0.0001080835
1786550400020,AVGO,2.32862e-05,0.0006725789
1786550400020,COIN,9.3826e-06,0.0004501213
1786550400020,HOOD,6.25e-06,0.0002781381
1786550400020,INTC,4.12619e-05,0.0009601908
1786550400020,PLTR,-2.64847e-05,-0.0007237554
1786550400020,GOLD,5.471e-07,-0.0002912468
1786554000021,NVDA,6.25e-06,0.0001622433
1786554000021,TSLA,1.66557e-05,0.000566491
1786554000021,AAPL,1.42555e-05,0.0005280882
1786554000021,MSFT,5.2216e-06,-0.000216455
1786554000021,META,6.25e-06,0.0002859994
1786554000021,GOOGL,6.25e-06,0.0003405779
1786554000021,AMZN,6.25e-06,-0.0001771812
1786554000021,AVGO,2.96461e-05,0.0007743384
1786554000021,COIN,1.51038e-05,0.0005416614
1786554000021,HOOD,6.25e-06,0.0001833929
1786554000021,INTC,1.4343e-05,0.0005294875
1786554000021,PLTR,-3.3506e-05,-0.0008360959
1786554000021,GOLD,6.25e-06,-1.14508e-05
1786557600049,NVDA,6.25e-06,0.0002750853
1786557600049,TSLA,6.25e-06,0.0001598062
1786557600049,AAPL,1.2769e-05,0.0005043044
1786557600049,MSFT,3.6246e-06,-0.0002420062
1786557600049,META,6.25e-06,0.0002844615
1786557600049,GOOGL,6.25e-06,0.000145694
1786557600049,AMZN,6.25e-06,-0.0001392207
1786557600049,AVGO,3.15877e-05,0.000805404
1786557600049,COIN,8.4652e-06,0.0004354437
1786557600049,HOOD,6.25e-06,0.0002821221
1786557600049,INTC,6.25e-06,6.55613e-05
1786557600049,PLTR,-4.63474e-05,-0.001041559
1786557600049,GOLD,6.25e-06,-2.49531e-05
1786561200060,NVDA,6.25e-06,0.000191395
1786561200060,TSLA,6.25e-06,0.0001967561
1786561200060,AAPL,7.0813e-06,0.0004133007
1786561200060,MSFT,6.25e-06,-0.0001804313
1786561200060,META,6.25e-06,0.0003258194
1786561200060,GOOGL,6.25e-06,0.0002937717
1786561200060,AMZN,6.25e-06,3.21298e-05
1786561200060,AVGO,1.82871e-05,0.0005925942
1786561200060,COIN,6.25e-06,0.0003291441
1786561200060,HOOD,1.66229e-05,0.0005659657
1786561200060,INTC,6.25e-06,0.0001320617
1786561200060,PLTR,-3.17248e-05,-0.0008075964
1786561200060,GOLD,6.25e-06,-2.77107e-05
1786564800062,NVDA,6.25e-06,0.0002645974
1786564800062,TSLA,6.25e-06,0.0003682302
1786564800062,AAPL,8.7381e-06,0.00043981
1786564800062,MSFT,4.4734e-06,-0.000228425
1786564800062,META,6.25e-06,0.0003346318
1786564800062,GOOGL,6.25e-06,0.0003540245
1786564800062,AMZN,6.25e-06,6.25824e-05
1786564800062,AVGO,2.88132e-05,0.0007610107
1786564800062,COIN,1.6982e-05,0.0005717123
1786564800062,HOOD,1.49951e-05,0.0005399212
1786564800062,INTC,4.12242e-05,0.0009595879
1786564800062,PLTR,-2.10725e-05,-0.0006371597
1786564800062,GOLD,1.2773e-06,-0.0002795628
1786568400071,NVDA,6.25e-06,-0.0001003233
1786568400071,TSLA,6.25e-06,0.0002387965
1786568400071,AAPL,6.25e-06,0.0003843641
1786568400071,MSFT,6.25e-06,5.23529e-05
1786568400071,META,6.25e-06,0.0002344628
1786568400071,GOOGL,6.25e-06,0.0003948996
1786568400071,AMZN,6.25e-06,3.26511e-05
1786568400071,AVGO,1.78964e-05,0.0005863425
1786568400071,COIN,5.52516e-05,0.0011840262
1786568400071,HOOD,1.12025e-05,0.0004792401
1786568400071,INTC,2.4854e-05,0.0006976644
1786568400071,PLTR,5.7677e-06,-0.0002077161
1786568400071,GOLD,6.916e-07,-0.000288934
1786572000056,NVDA,6.25e-06,-6.00315e-05
1786572000056,TSLA,8.8007e-06,0.0004408109
1786572000056,AAPL,1.60381e-05,0.000556609
1786572000056,MSFT,6.25e-06,0.0003619047
1786572000056,META,6.25e-06,0.0003121212
1786572000056,GOOGL,1.03014e-05,0.0004648232
1786572000056,AMZN,6.25e-06,0.0002482141
1786572000056,AVGO,1.07792e-05,0.0004724665
1786572000056,COIN,3.85965e-05,0.0009175448
1786572000056,HOOD,3.10715e-05,0.0007971433
1786572000056,INTC,3.05429e-05,0.0007886862
1786572000056,PLTR,6.25e-06,-0.0001716518
1786572000056,GOLD,6.25e-06,-6.50558e-05
1786575600064,NVDA,6.25e-06,-3.61369e-05
1786575600064,TSLA,1.70808e-05,0.0005732923
1786575600064,AAPL,1.97118e-05,0.0006153886
1786575600064,MSFT,8.4701e-06,0.0004355214
1786575600064,META,1.08611e-05,0.0004737781
1786575600064,GOOGL,7.2966e-06,0.0004167449
1786575600064,AMZN,6.25e-06,0.000267167
1786575600064,AVGO,2.34379e-05,0.0006750067
1786575600064,COIN,6.25e-06,0.0003678449
1786575600064,HOOD,6.25e-06,0.000173068
1786575600064,INTC,2.13006e-05,0.0006408099
1786575600064,PLTR,-7.423e-07,-0.0003118765
1786575600064,GOLD,3.7631e-06,-0.0002397896
1786579200046,NVDA,6.25e-06,-0.000123311
1786579200046,TSLA,1.87605e-05,0.0006001678
1786579200046,AAPL,1.05252e-05,0.0004684027
1786579200046,MSFT,6.25e-06,0.0003875893
1786579200046,META,1.3632e-05,0.0005181114
1786579200046,GOOGL,1.5584e-05,0.0005493437
1786579200046,AMZN,6.25e-06,0.0002575264
1786579200046,AVGO,2.73596e-05,0.0007377543
1786579200046,COIN,4.39746e-05,0.0010035934
1786579200046,HOOD,6.25e-06,0.0003783139
1786579200046,INTC,2.60428e-05,0.0007166846
1786579200046,PLTR,-1.3262e-06,-0.0003212192
1786579200046,GOLD,1.0169e-06,-0.0002837299
1786582800018,NVDA,6.25e-06,4.61798e-05
1786586400072,NVDA,6.25e-06,0.0002653705
1786590000097,NVDA,6.25e-06,0.0002716654
1786582800018,TSLA,8.974e-06,0.0004435845
1786586400072,TSLA,1.70733e-05,0.0005731724
1786590000097,TSLA,9.4893e-06,0.0004518287
1786582800018,AAPL,6.25e-06,0.0003271357
1786586400072,AAPL,6.25e-06,0.0003440431
1786590000097,AAPL,8.9279e-06,0.0004428459
1786582800018,MSFT,6.25e-06,9.18721e-05
1786586400072,MSFT,6.25e-06,0.0002043499
1786590000097,MSFT,6.25e-06,0.000235559
1786582800018,META,6.25e-06,0.000129924
1786586400072,META,6.25e-06,0.0002495632
1786590000097,META,6.25e-06,0.0002666999
1786582800018,GOOGL,1.27391e-05,0.0005038252
1786586400072,GOOGL,8.9824e-06,0.0004437192
1786590000097,GOOGL,1.30923e-05,0.0005094773
1786582800018,AMZN,6.25e-06,0.0002419881
1786586400072,AMZN,1.12111e-05,0.0004793778
1786590000097,AMZN,7.917e-06,0.0004266726
1786582800018,AVGO,1.09527e-05,0.0004752426
1786586400072,AVGO,1.06765e-05,0.0004708245
1786590000097,AVGO,6.25e-06,0.000270634
1786582800018,COIN,3.68484e-05,0.0008895739
1786586400072,COIN,3.63801e-05,0.0008820819
1786590000097,COIN,4.25059e-05,0.0009800938
1786582800018,HOOD,2.02567e-05,0.0006241076
1786586400072,HOOD,1.08791e-05,0.0004740653
1786590000097,HOOD,6.25e-06,0.000353529
1786582800018,INTC,3.52921e-05,0.0008646734
1786586400072,INTC,4.70025e-05,0.0010520397
1786590000097,INTC,5.43764e-05,0.0011700222
1786582800018,PLTR,-1.1412e-05,-0.0004825927
1786586400072,PLTR,-4.606e-06,-0.0003736964
1786590000097,PLTR,4.1421e-06,-0.0002337265
1786582800018,GOLD,6.25e-06,-7.24176e-05
1786586400072,GOLD,6.25e-06,-5.96021e-05
1786590000097,GOLD,6.25e-06,3.25373e-05
1786593600123,NVDA,6.25e-06,0.0001720899
1786597200043,NVDA,6.25e-06,9.28958e-05
1786593600123,TSLA,2.38364e-05,0.0006813822
1786597200043,TSLA,2.24447e-05,0.0006591149
1786593600123,AAPL,1.19404e-05,0.0004910457
1786597200043,AAPL,1.02712e-05,0.0004643397
1786593600123,MSFT,6.25e-06,0.0003358602
1786597200043,MSFT,6.25e-06,9.4174e-05
1786593600123,META,1.47898e-05,0.0005366362
1786597200043,META,6.25e-06,0.0002183625
1786593600123,GOOGL,2.85509e-05,0.0007568151
1786597200043,GOOGL,1.33582e-05,0.0005137308
1786593600123,AMZN,6.25e-06,0.0001794643
1786597200043,AMZN,9.3555e-06,0.0004496877
1786593600123,AVGO,8.3002e-06,0.0004328028
1786597200043,AVGO,6.25e-06,0.0003171225
1786593600123,COIN,4.95662e-05,0.0010930597
1786597200043,COIN,3.95307e-05,0.0009324917
1786593600123,HOOD,4.18863e-05,0.0009701807
1786597200043,HOOD,3.50485e-05,0.0008607762
1786593600123,INTC,3.52474e-05,0.0008639581
1786597200043,INTC,3.95286e-05,0.0009324573
1786593600123,PLTR,-2.8423e-06,-0.0003454775
1786597200043,PLTR,-6.7267e-06,-0.0004076272
1786593600123,GOLD,6.25e-06,-4.70837e-05
1786597200043,GOLD,5.584e-07,-0.0002910659
1786600800032,NVDA,6.25e-06,0.000298302
1786600800032,TSLA,1.70669e-05,0.0005730701
1786600800032,AAPL,6.25e-06,0.0003523655
1786600800032,MSFT,6.25e-06,0.0001207803
1786600800032,META,1.91033e-05,0.0006056531
1786600800032,GOOGL,2.19353e-05,0.0006509648
1786600800032,AMZN,1.54688e-05,0.0005475003
1786600800032,AVGO,6.25e-06,0.0003603029
1786600800032,COIN,3.61449e-05,0.0008783179
1786600800032,HOOD,2.5621e-05,0.0007099353
1786600800032,INTC,2.56942e-05,0.0007111074
1786600800032,PLTR,3.1343e-06,-0.0002498506
1786600800032,GOLD,6.25e-06,-0.0001950211
1786604400024,NVDA,6.25e-06,0.0002944379
1786604400024,TSLA,6.25e-06,0.0003457115
1786604400024,AAPL,6.25e-06,0.0003860799
1786604400024,MSFT,6.25e-06,0.0001355404
1786604400024,META,1.82555e-05,0.0005920878
1786604400024,GOOGL,6.25e-06,0.0003985953
1786604400024,AMZN,1.70715e-05,0.000573144
1786604400024,AVGO,8.4989e-06,0.0004359829
1786604400024,COIN,3.88242e-05,0.0009211876
1786604400024,HOOD,3.11965e-05,0.0007991444
1786604400024,INTC,1.41978e-05,0.000527165
1786604400024,PLTR,-8.7512e-06,-0.000440019
1786604400024,GOLD,5.2789e-06,-0.0002155369
1786608000011,NVDA,6.25e-06,0.0001845726
1786608000011,TSLA,6.25e-06,0.0003073311
1786608000011,AAPL,1.08982e-05,0.000474372
1786608000011,MSFT,6.25e-06,0.0002057237
1786608000011,META,8.6632e-06,0.0004386107
1786608000011,GOOGL,1.71336e-05,0.000574138
1786608000011,AMZN,6.25e-06,0.0003994281
1786608000011,AVGO,6.25e-06,0.0003750091
1786608000011,COIN,3.68623e-05,0.0008897969
1786608000011,HOOD,3.88923e-05,0.0009222769
1786608000011,INTC,2.3884e-05,0.0006821434
1786608000011,PLTR,-1.48014e-05,-0.0005368226
1786608000011,GOLD,6.25e-06,-0.0001791801
1786611600047,NVDA,6.25e-06,0.0002590022
1786611600047,TSLA,2.03098e-05,0.0006249571
1786611600047,AAPL,1.90677e-05,0.0006050834
1786611600047,MSFT,6.25e-06,0.0001300925
1786611600047,META,6.373e-06,0.000401968
1786611600047,GOOGL,2.2964e-05,0.0006674247
1786611600047,AMZN,1.12636e-05,0.0004802172
1786611600047,AVGO,1.19241e-05,0.0004907858
1786611600047,COIN,3.18425e-05,0.0008094795
1786611600047,HOOD,5.88603e-05,0.0012417653
1786611600047,INTC,2.85864e-05,0.0007573823
1786611600047,PLTR,-1.1776e-06,-0.0003188409
1786611600047,GOLD,6.25e-06,-0.0001932364
1786615200040,NVDA,1.15023e-05,0.0004840365
1786615200040,TSLA,1.39385e-05,0.0005230162
1786615200040,AAPL,2.1969e-05,0.0006515034
1786615200040,MSFT,6.25e-06,0.0001426267
1786615200040,META,1.6805e-05,0.0005688803
1786615200040,GOOGL,2.99986e-05,0.0007799773
1786615200040,AMZN,6.25e-06,0.0003771116
1786615200040,AVGO,2.4585e-05,0.0006933598
1786615200040,COIN,3.69661e-05,0.0008914579
1786615200040,HOOD,3.73091e-05,0.0008969452
1786615200040,INTC,2.9108e-05,0.0007657275
1786615200040,PLTR,-1.60125e-05,-0.0005562002
1786615200040,GOLD,6.25e-06,-3.00731e-05
1786618800125,NVDA,6.25e-06,0.0002530276
1786618800125,TSLA,6.3345e-06,0.0004013514
1786618800125,AAPL,1.61916e-05,0.0005590649
1786618800125,MSFT,6.25e-06,7.76275e-05
1786618800125,META,2.12957e-05,0.0006407307
1786618800125,GOOGL,1.58729e-05,0.000553967
1786618800125,AMZN,6.25e-06,0.0003382611
1786618800125,AVGO,6.25e-06,0.0003403138
1786618800125,COIN,1.86073e-05,0.0005977166
1786618800125,HOOD,2.70251e-05,0.0007324011
1786618800125,INTC,3.74485e-05,0.0008991753
1786618800125,PLTR,-8.1828e-06,-0.0004309248
1786618800125,GOLD,6.25e-06,-0.0001815221
1786622400048,NVDA,6.25e-06,0.0003764976
1786622400048,TSLA,1.07139e-05,0.0004714226
1786622400048,AAPL,1.32706e-05,0.0005123289
1786622400048,MSFT,3.6353e-06,-0.0002418351
1786622400048,META,1.63643e-05,0.0005618283
1786622400048,GOOGL,1.39708e-05,0.000523533
1786622400048,AMZN,6.25e-06,0.0003129675
1786622400048,AVGO,3.22208e-05,0.0008155322
1786622400048,COIN,1.27634e-05,0.0005042141
1786622400048,HOOD,6.25e-06,0.0003994932
1786622400048,INTC,3.55979e-05,0.0008695665
1786622400048,PLTR,-1.40106e-05,-0.0005241701
1786622400048,GOLD,6.25e-06,6.61222e-05
1786626000026,NVDA,9.4367e-06,0.0004509869
1786629600026,NVDA,6.25e-06,0.0002847278
1786626000026,TSLA,8.0086e-06,0.0004281372
1786629600026,TSLA,6.25e-06,0.0003586729
1786626000026,AAPL,1.54962e-05,0.0005479385
1786629600026,AAPL,7.1457e-06,0.0004143314
1786626000026,MSFT,5.6519e-06,-0.0002095699
1786629600026,MSFT,4.4407e-06,-0.0002289481
1786626000026,META,6.25e-06,0.0003093716
1786629600026,META,1.67787e-05,0.0005684596
1786626000026,GOOGL,6.5233e-06,0.0004043735
1786629600026,GOOGL,1.21543e-05,0.0004944694
1786626000026,AMZN,6.25e-06,0.0003060072
1786629600026,AMZN,6.25e-06,0.000276116
1786626000026,AVGO,6.956e-06,0.0004112966
1786629600026,AVGO,2.51899e-05,0.0007030386
1786626000026,COIN,6.9678e-06,0.0004114855
1786629600026,COIN,2.10209e-05,0.0006363337
1786626000026,HOOD,1.4441e-05,0.0005310557
1786629600026,HOOD,8.4771e-06,0.0004356329
1786626000026,INTC,1.96229e-05,0.0006139666
1786629600026,INTC,3.43349e-05,0.0008493584
1786626000026,PLTR,-1.29178e-05,-0.0005066853
1786629600026,PLTR,-1.17177e-05,-0.0004874827
1786626000026,GOLD,6.25e-06,0.0001568341
1786629600026,GOLD,6.25e-06,5.04e-05
1786633200005,NVDA,6.25e-06,0.0002621919
1786633200005,TSLA,6.25e-06,0.0001967708
1786633200005,AAPL,1.14565e-05,0.0004833046
1786633200005,MSFT,3.4509e-06,-0.0002447853
1786633200005,META,1.01667e-05,0.0004626678
1786633200005,GOOGL,1.91044e-05,0.000605671
1786633200005,AMZN,6.25e-06,0.0002546825
1786633200005,AVGO,2.70171e-05,0.000732273
1786633200005,COIN,1.65301e-05,0.000564482
1786633200005,HOOD,6.25e-06,0.0003311064
1786633200005,INTC,3.28409e-05,0.0008254549
1786633200005,PLTR,-2.37657e-05,-0.0006802507
1786633200005,GOLD,6.25e-06,-0.0001176903
1786636800072,NVDA,1.14059e-05,0.0004824951
1786636800072,TSLA,6.25e-06,0.0002710181
1786636800072,AAPL,6.6504e-06,0.0004064059
1786636800072,MSFT,-1.02287e-05,-0.0004636584
1786636800072,META,6.25e-06,7.20262e-05
1786636800072,GOOGL,6.7348e-06,0.0004077565
1786636800072,AMZN,6.25e-06,0.0001787747
1786636800072,AVGO,1.56065e-05,0.0005497039
1786636800072,COIN,1.69768e-05,0.0005716289
1786636800072,HOOD,6.25e-06,0.0002825669
1786636800072,INTC,1.85022e-05,0.0005960347
1786636800072,PLTR,4.4272e-06,-0.0002291651
1786636800072,GOLD,-7.653e-07,-0.0003122453
1786640400027,NVDA,6.25e-06,0.0003915439
1786640400027,TSLA,6.25e-06,0.0003862868
1786640400027,AAPL,1.09764e-05,0.0004756217
1786640400027,MSFT,-1.5688e-06,-0.0003251005
1786640400027,META,-7.0475e-06,-0.0004127599
1786640400027,GOOGL,6.25e-06,0.0001804379
1786640400027,AMZN,6.25e-06,0.0001984836
1786640400027,AVGO,1.74101e-05,0.0005785622
1786640400027,COIN,2.45557e-05,0.0006928908
1786640400027,HOOD,6.494e-06,0.0004039037
1786640400027,INTC,2.38736e-05,0.0006819781
1786640400027,PLTR,-1.39621e-05,-0.000523393
1786640400027,GOLD,3.8183e-06,-0.0002389079
